Key,SourceString,Comment
"ProjectProject01","ProjectProject01","Game title"
"싱글플레이","싱글플레이","Title menu"
"멀티플레이","멀티플레이","Title menu"
"환경설정","환경설정","Common menu"
"게임 종료","게임 종료","Common menu"
"타이틀로 돌아가기","타이틀로 돌아가기","Common menu"
"로그인 / 회원가입","로그인 / 회원가입","Login screen"
"로그인","로그인","Login screen"
"회원가입","회원가입","Login screen"
"인증 서버에 연결할 준비가 되었습니다.","인증 서버에 연결할 준비가 되었습니다.","Login status"
"ProjectProject01 Lobby","ProjectProject01 Lobby","Lobby title"
"세션 확인 중...","세션 확인 중...","Lobby status"
"방 목록 / 참가","방 목록 / 참가","Lobby browser"
"새 방 만들기","새 방 만들기","Lobby browser"
"공개방 목록 새로고침","공개방 목록 새로고침","Lobby browser"
"선택/참가 코드로 방 참가","선택/참가 코드로 방 참가","Lobby browser"
"리더보드 열기","리더보드 열기","Lobby browser"
"로그아웃 / 로그인 화면으로","로그아웃 / 로그인 화면으로","Lobby browser"
"방 만들기","방 만들기","Lobby create"
"방 목록으로 돌아가기","방 목록으로 돌아가기","Lobby create"
"현재 방 정보","현재 방 정보","Lobby room"
"참가 코드 복사","참가 코드 복사","Lobby room"
"준비","준비","Lobby room"
"게임 시작","게임 시작","Lobby room"
"방 나가기","방 나가기","Lobby room"
"선택한 플레이어에게 방장 넘기기","선택한 플레이어에게 방장 넘기기","Lobby room"
"방 삭제 (모두 로비로)","방 삭제 (모두 로비로)","Lobby room"
"채팅 보내기","채팅 보내기","Lobby room"
"게임 메뉴","게임 메뉴","Session menu"
"게임 계속","게임 계속","Session menu"
"방으로 돌아가기","방으로 돌아가기","Session menu"
"설정 초기화","설정 초기화","Settings"
"적용","적용","Settings"
"취소 / 돌아가기","취소 / 돌아가기","Settings"
"리더보드","리더보드","Result menu"
"성공 기록을 리더보드에 등록","성공 기록을 리더보드에 등록","Result menu"
"계정 ID (영문/숫자/밑줄 3~32자)","계정 ID (영문/숫자/밑줄 3~32자)","Login hint"
"비밀번호 (10~128자)","비밀번호 (10~128자)","Login hint"
"표시 이름 (회원가입 시 2~32자)","표시 이름 (회원가입 시 2~32자)","Login hint"
"방 이름 / 참가 코드 / 방장 이름 검색","방 이름 / 참가 코드 / 방장 이름 검색","Lobby hint"
"6~8자리 참가 코드 (비공개방 또는 직접 참가)","6~8자리 참가 코드 (비공개방 또는 직접 참가)","Lobby hint"
"참가 비밀번호 (비밀번호방만)","참가 비밀번호 (비밀번호방만)","Lobby hint"
"방 이름 (1~48자)","방 이름 (1~48자)","Lobby hint"
"방 비밀번호 (선택, 사용 시 4~64자)","방 비밀번호 (선택, 사용 시 4~64자)","Lobby hint"
"방 채팅","방 채팅","Lobby hint"
"채팅 입력 (최대 300자)","채팅 입력 (최대 300자)","Lobby hint"
"공개방: 체크 / 비공개방: 체크 해제 (참가 코드를 공유해 입장)","공개방: 체크 / 비공개방: 체크 해제 (참가 코드를 공유해 입장)","Lobby explanation"
"참가 중인 방 없음","참가 중인 방 없음","Lobby status"
"준비 취소","준비 취소","Lobby room"
"로그아웃","로그아웃","Common menu"
"결과를 불러오는 중...","결과를 불러오는 중...","Result status"
"결과를 처리하는 중...","결과를 처리하는 중...","Result status"
"싱글플레이가 일시정지되었습니다.","싱글플레이가 일시정지되었습니다.","Session status"
"멀티플레이는 메뉴를 열어도 서버 경기가 계속 진행됩니다.","멀티플레이는 메뉴를 열어도 서버 경기가 계속 진행됩니다.","Session status"
"현재 멀티플레이 서버를 점검 중입니다. 싱글플레이는 타이틀에서 이용할 수 있습니다.","현재 멀티플레이 서버를 점검 중입니다. 싱글플레이는 타이틀에서 이용할 수 있습니다.","Service status"
"멀티플레이 서버 점검 중입니다.","멀티플레이 서버 점검 중입니다.","Service status"
"PING","PING","Gameplay marker"
